nerc,2001,2017,Reduction,Percent Reduction,Annual Reduction
TRE,609.5375293950931,439.2896652950687,170.2478641000244,0.2793066150807464,10.640491506251525
WECC,520.5913717213849,346.3132272153847,174.27814450600022,0.33476956010571773,10.892384031625014
USA,630.0150637090508,438.65266418726503,191.36239952178573,0.30374257782851904,11.960149970111608
SERC,633.3122077671859,425.2630729782421,208.04913478894377,0.3285095916948208,13.003070924308986
RFC,675.9799431296059,461.56939760922575,214.41054552038014,0.317184774044799,13.400659095023759
FRCC,647.7517760377688,410.05036092176766,237.7014151160011,0.3669637412188914,14.856338444750069
NPCC,414.61568792803433,172.79926034007983,241.8164275879545,0.5832302892261209,15.113526724247157
MRO,854.36910930636,545.6427513398083,308.72635796655163,0.3613500940093662,19.295397372909477
SPP,854.1553154597696,491.24397409001557,362.911341369754,0.4248774605756662,22.681958835609624
