nerc,2001,2017,Reduction,Percent Reduction,Annual Reduction
TRE,609.5375293950931,475.9192610286973,133.6182683663958,0.2192125372477048,8.351141772899737
WECC,520.5913717213849,361.5026337574841,159.08873796390083,0.3055923447940729,9.943046122743802
SERC,633.3122077671859,452.6155624777878,180.69664528939808,0.28532000974126903,11.29354033058738
RFC,675.9799431296059,493.9890376019405,181.9909055276654,0.26922530376433407,11.374431595479088
USA,630.0150637090508,438.65266418726503,191.36239952178573,0.30374257782851904,11.960149970111608
NPCC,414.61568792803433,214.42356467909534,200.192123248939,0.48283779190643344,12.512007703058687
FRCC,647.7517760377688,441.16047530038884,206.59130073737992,0.3189359078273436,12.911956296086245
MRO,854.36910930636,585.2974146299006,269.0716946764594,0.3149361227431452,16.816980917278713
SPP,854.1553154597696,531.6688499851492,322.48646547462033,0.3775501476579049,20.15540409216377
